user_id,user_name
AFC3FFC5PKFF5PMA52S3VCHOZ5FQ,S.ARUMUGAM
AECPFYFQVRUWC3KGNLJIOREFP5LQ,ArdKn
AE3MQNNHHLUHXURL5S7IAR7JTGNQ,Durai Vignesh
AFV7ZA733ZLME4KNLZPMPCBUNPPA,Aman
AEHQYGI5L4FFALBMC5XMT5KXSZCA,Vivek
AGKLZ4SUHAU47KJXDVHBBEWJODUA,Ana
AE55KTFVNXYFD5FPYWP2OUPEYNPQ,Sethu madhav
AG5DWPD54QGSLWJ6QUFERLPNAX4Q,E.C.GEORGE
AFO4M4BQ2WS7A3LPKJY45B5C7DYQ,Abiram
AG6CREU25N6P2H7RCHNIU6GGJ5BA,Aakaash Ramchandani
AF3GETWWBGMLASY2KKNNBS2VO6DQ,Anirban B.
AGY65IJP7XREWO3GUDT46474CYKA,Amazon Customer
AFW6NV5N3FUXV3CNUACPSYC5AB3Q,Mukundha2good
AGOCMOZJWGI5VHFT2RZLTQFZLKPQ,Amazon_Shopper
AGX3GCRGFU4IHAJZRUP655EEGSQA,Sonic
AGOMXFNBIQBEWLN4JDC65FDPTBDQ,Mihul pandey
AGKQKPUOEC3LQR7GHBQYAHPTU4SA,Abhishek Thapar
AGLVW6SUWTW35HT5AYQR4CKA5IOA,Aamir
AGOGMKLERURWSCD4RIH53WPEVTWA,Thota Srinivas
AHYXZVXUY3QTBP7IBFIUBSZVH2XQ,Naveen
AGO4OKG6KVBAAE52Q62JBKHRDFFQ,Harmit
AGOARJLTS744KQC3BTKT5KQVOJUA,Placeholder
AGQKQGF2M565PCZ2RPUYM7HIWH3Q,MANOHAR MALTHANE
AEYHTCWWZYU3JQBU6SLNFFT3OMVQ,Shiva
AHB43CZ4RHLJ5S6CBOWX6MEI7J4Q,Sameer Patil
AGLKKKJCKHZ32S7MCK46JWDZ2A3A,Deepti Rawat
AEF55HUCR2L3DMBXVV4SGD55JKIQ,Rishi Kapoor
AF7IXQKBUL6NEIQG4R53LMJJUGXQ,Neeraj Vishwakarma
AGNONTMQDE5KLLDEEB57Z3C5WAEA,SD1908
AF2544C4RGIBQX7Y4JMKMSMXMRRQ,Tarun Gupta
AHOMYGLSLJLCOT7Z24PZSVJY3LJQ,Saigal84
AGKSW3FNH3REYN3OKPKJN4KWXLMQ,Arv
AFZSMXS2MILXOSTT2ZEJDE3W7TLQ,Raja Laxman
AGMQDZGGSEBXX4KBJOBAGIFI36OA,Selva Vellingiri A
AEGZCGGDNS4ZRNPG3CDULRVB5Z5A,Jai kumar
AGNYTWD4ORSSUWNGICU3TRNRMRIA,Anil kumar sharma (Lucky)
AGQCT5HPQJXUN2FVZNCBSEQIYDPQ,Customer
AGH3POHLPXABF3I4ASSGTRXAUPPA,nisar
AGWXGUALH6VESAYTZGWBZBUDTWFA,Amazon Customer
AGKZVBLHK472MSGAAUABFRZL7SYQ,Mangesh Borkar
AGPWASWUND4PQYWAP6ICZEPQCWZA,Rupesh Singh
AFQEZSS2I5IGAKZY3Y3CGDZLCJIA,Anshita
AH4TEK5IQCC2BSF2KSQNKQEXAPLA,Ramamoorthy
AGNXWXFWLOYZAYJ5PRIM2NB57E4A, Tamilnadu
AGOXDFXDUHGRNK5JD2YNYIZ72AEQ,Thomas
AGQYGAK76B74HUWOOUOFTXH2LAZA,Sagar Yadav
AENNAVVG4GBJKDQKJXQUEKQKTXGQ,Amazon Customer
AG36G3XPHERLKRDG7XYQ2IWJWPIQ,Amrut K.
AFEOAY5PB4XEYIOL6DY5WJBOYSKQ,chetan tandel
AF2EHSXFZWWS2YEN22DV2ZCJDZZA,Mwnzil brahma
AGKNJPIVMVEHKL6ZFBAQ3CTFZ2KQ,apparao saripilli
AFLFHQMJXDKP4FNRZVNDLBCI7ULA,Amazon Customer
AGLH5KPYCT4MGPQ34MNWKLR6NXEA,D Ravi
AGEPZSRFODWZ4XUTXO2HNWLJIMJA,Avninder Singh
AGPK7U5SHXBYBXEWBTRCIAZSB6LQ,ARUN KUMAR
AGMUJCTMBNQBOGHL6UPSSF4KSNUA,Ravi shankar
AGM4RYZ46NPKH7I2SDZXAUHSB52A,Aashuthosh
AGKNFVSMZCSEFHPASWFBOIYKRZJA,Pratik
AGR6UE4GCJKWO64UOIRUNFUGTL7A,Amazon Customer
AGOKXS4TP2M6LTNG5HAEMLCKI2IA,Sarika Roy
AGOYWHMRBO7PSZ7ZPV3UH243H6AA,Amazon Customer
AH4LJDHSBLPNJYLQGQ53EQ6DBVZA,SyedShoaib Afnan
AGM6RW6V2RSFD5F6ILCN44YX4Y7Q,Junaid shaikh
AGLKEDKY645GZ33OFGXHPWWFLXOA,Divyang Jhala
AGUZMT2E4HNC5VF25OWLAUF6KBGA,SunDeeP ChebrolU
AGNNWLEF6V57TKIFJM7SWHNFAIQQ,Dr G S Santosh
AGQYTSKE2UBYARZYRBADQMX6BJPQ,Vinod Gahlot
AGLZUIR2UEQJFHZ6KGUGFYPYINNQ,Ranjeet Singh
AGLLHPCKRL6U2U6U5XXMJ4V6ANHQ,Abhishek Maji
AGMLLOV22EXPBNLF6VLGFTSABHHA,Harish Rao
AGQEYE3ZA7VXHMGDQLZM3VL7DNZQ,vikram gaikwad
AGGFXDLCFZMTLJJDR3ZFKEOXCFLQ,Samson
AGMHQJ2A77R33DA4XP3ZHYOMOTHQ,Well person
AGM52TVEKBJENHQAN4Q22ODCL5AA,Amazon Customer
AGQ55X6WU4XM455UMFRGQZ7RYEYA,Ashish Panjwani
AGOWRLSBPAVLJONO6CNUFO3QABZQ,Jay d.
AGLWM3KQXUEEG5QUPOMKI72IIOZQ,Vijayabhaskar
AGL76XCJ2EWY36ABPD25DHZRMQMA,Amazon Customer
AGD2H2SMDLQK62MH7BFWQ2INBP2A,ABHAY SINGH
AGP33PWKFF63FWCVM7D7LPQHFGLQ,Vinay
AHLCFOXSW7PKG6NWJAYZXJJBHCPQ,Shubham Gupta
AEREO7C5GLYYYV6YXK7X4UCCQTJQ,ASR
AGOYOKNFM75VNEGK3DSACVQ6CFUQ,dwaipayan sarkar
AHWKKP3N725TNVCGAS3RDM5MNAJQ,Pradeep
AHWVJOF4IVRKFY6RJRSBQ2L6ZXQA,RS
AGQNVTJBYS6YFCNDPYBR3HDTR3AA,Dr akank
AE2YKXGI2XFOVDHNL6FF2RQAZ55A,Sukumar Ballavolu
AGPLW74W3HJTC3ICBNN3R6MIHFMA,Niraj K
AF6HB6GYUYNZ4G4FDTQIGQK76WSQ,K J Sudarshan
AGKURQGQGENCRFFBWSO32XS4ZGZQ,Sajin Thomas
AH4GBZYOUGBQQ2XQQHY6WKQZTIKQ,J.S.
AHPG3AAPVL7HKSID4IPJ5MDAMAJA,Ajinkya M K
AHKEHV7YSGK2ZCMEUQYS6LJNURKA,Vivek
AGLZGGJLEO2WGEMX4KZCFNEJX64A,Riyas R.
AHP5XVXHFNOISFJBZ3NQX75EC5QA,Aman Kumar
AGPOYBESW4JLTMELJLGMLV4JKJEA,Gaurab Chakraborty
AGLP2ACOBJSBZ276KMDD733NQQFA,trishal patel
AGLZSXEKXHXVIG5UQTP4ZSZ7GLTA,Aman M Nath
AGMGMQ6LB27Y52XFBO7LZIGDTRQQ,Bhanu
AG7BFEWBPUBPVFTK47EIJDAYUBNQ,kavan
AGQTTQWEOQLPO3PV6XEDCWZHVFNQ,Dr. R.
AGOPG26AJCZ7HH3S6SHL5EYLB2NQ,Ethan
AGNRPHZY2FNQOGUMEZG4RZJK5OZQ,RAHUL KUMAR
AGLG6I5ESBM5JREGA7MXG77ODXHA,sanjay
AGM6VKOVQWLVZW5NXUZ2SW6UHGJA,Amjath sp
AGPYJRR7TI32QGUNYSFCA6T4OPMA,Suraj Botre
AFZE7KG2W5XOGLTWA2J4CSAHNXWA,Sacchidanand Pant
AGLOERHFT2VT7MSRJVX7AR4YJKEQ,Hemkant Rajput
AGLTJEIA65FMSJC555OYU5ZMNOLA,karthikg
AGOYJRXFFVVGZDJTZV474WDLAPUA,Arul Prakash
AGM3M7VSW4O2MBOMCFV7EQAY5ZLA,Nathan Avram
AGPYTMWCOQQUTOWXLIEPZVT3YR6A,Roshan k jose
AHKONLROYYEFMPWU5WN7NC5VZIEQ,SNR
AGLRLAEJWBUG45Z34UBULC6YPBLA,Nikhil  Lad
AGKTH6UCTEE5C23YTWWUHXU2RUGQ,Krishnaveer singh
AGRZAB2LJP4QQYHXKK3B7UW6YF2Q,Nishan singha Roy
AGKUMIAJEBVE47SWGKSTRQIXQXCQ,Dinesh K.
AHINIWK2KZENSZSLBZWEDOZMNEBA,Devesh
AGNQUDW2ISLRVQVYA7AJNMFTZYAA,Rakesh Reddy
AGNUSNVD4OAUBKA6B42FMU63Y2UA,Viswa  Kiran Kathi
AGM2WOYSDILMC2GKYLGXCRGBJ6HA,Raja
AGKXFGRXVN4CMGMCT5SGOPB6BBIQ,umakanth
AGNKWLEKAA53Y27KTA5XKMEB6YVQ,Sagar Ranpise
AGLSWF3XMK3CCO2WJE65T25GIGMA,Imran
AG6IV4AS3MF5FG3VYPZOG3ACGNLA,varun sharma
AGOC7CABWR57JA3HH427FHBRJIJQ,Subramanyam
AF3QHAZ5V36AO5PE6AQGFZZSDCCQ,Swamy
AFTUS3YZBNWUVW7FV7AQ4O532UNQ,Rakesh Roshan Koul
AGLYU2PCAJAWMX2SQ7Z44TQCOB5A,Vikas
AGQ6C3N3XSQHBM6BPN3L4GPDHMYA,Avi Rawal
AHPYDFW6Y3FIQGD2RJPBFF5QNVRQ,AV
AGLWAY4KNHP67SQG4DXGZ5PPEY5Q,contactarvi
AGWAYDRCPJOSWY4HN36O4426WURQ,Praburaj
AGPOF37T2T45CVYABSTSCPILMNZA,Sm
AGKQQC7ST26N5VFAHMURX3R2RAJA,Harsh Bhatia
AH42ECAG6LPCU22T5BYN5OXQO74A,SOURAV DAS
AGOCOZTNAN37QJEUVITGZMDAJV6Q,Shareef ali
AGNPYOMLPA6EEFLNFQ6ZZCP3RGXA,Ankit
AGOQL3YF6UXVBS7ED52R33WT2V4A,Pallav Pathak
AGPIXFD7PBE4NDKHEUNQ4FBFT4LQ,Aadi
AGQC6MGGRXLF2V7XAYSUI2D26GVQ,Priyankasingh
AERWNTV3FQB42AN6DXOZ24NJGOBQ,Keyur suthar
AGQ6XAIJVAAWQFJO6OA3UYVHJF2Q,Rohit Verma
AGOIORQP7QHLAXDRGTUPAA5TCJEQ,Mohit Gouda
AGLMV6TJSJRZ4MUKZMZ5OAXIII3A,Ajit
AGM6EGKUOFBXPCJTFFF2NIGJO3UQ,channappa Balehosur
AGNTLUBEFGL4AL5SN3XMQ3RRDTNA,Kr Vijay Vir Singh
AGLDRTUTXKGPR2GM3QZ53LGRKPIA,Nitin Jena
AGL3JTQ3ZE2OROHL44I2WVDP2Y2A,Sony Soniyal
AGQ77RQV2RP2RV3V3ILVPKJZO4PA,Anshul Gupta
AGQYZLWPXBTZCFFSJ7N4E5MU6FQA,Amazon Customer
AGM7ETOYBL3UFKCLZW36JM6POQ6A,Nikunj .R. kukadiya
AGQ2RWOECSEFEQMIGE7VTXP65OKQ,janarthanan
AGDD5ACY3AGTMTVBQOC3DMUR6REA,ASIF ANSARI
AGKPRGZCV5XK7ZNVLQWUGRB6CVVQ,Chinmayee Ninawe
AG5G6IU6RDTR24OHO3LSE24JCVEQ,Manisha
AGMYSLV6NNOAYES25JDTJPCZY47A,Vikas kabra
AGPGDCCXPI3EACMNJKBCNT57DVFA,Vinod Jadhao
AGPBZBEFPFL64PWRZX32JSZUHDMA,Prasad Pavithran
AF6562TF5CHMMJIIAO2TQPNYVMBQ,vansh gurjar
AGO6LBIRJDSVR7FW4BD5JS4OGLZA,Krishna
AGOWF5LLDDKUJTPYF4WOO5RKT4JA,Vishnu VP
AGWO67H5CHGZF5AAAUAD5QQCZODQ,Meherunnesha Sarkar
AGO2YRYQBY33JCVUJS66EZ2KL3MA,R.vijay kumar
AFRF3MH2AZZR7AJQFT7A73H7D6LA,Madhurima Dutta
AEG6NCZPUEEC3YY267IS3YMFRBWA,Dhineshkumar
AGGTMAPT4WBWP2C62I6CGW22QNCA,Arul
AGC6NVLEXXVXAOMXP46RL2622EBA,Lokesh K V
AGNNZL2OXJSOP4LC4PWWYSTCZAAA,Kranthi
AGPO4HV54G5JLGEZYJJ7NC63V6BQ,indhu
AE4755NP2P2WIA3W6UZ4GBQUMYJQ,ANURAG
AF4R7KKPJVNKJC5D3CWKKX2JZAHQ,Radhe
AGKSB547ASUKUVCC4SCHFKIH7XWQ,Sunitha
AFLG2PW5COQFF4ALCTWAHMWQ5XBQ,Ananta Bhaskar Somawanshi
AGP365OHRJ23BJZKPU3GJ7NVQHVA,Subash Panda
AGP2HWARZOUPA3CD452G55XDOVCA,Anurag
AFZRJWGYUFNULZQLL27PLZYMTYFA,RAMKISAN
AHXQK2APPFORQPV6E43FW2W6DVVQ,Drew Arsenic
AGQ3O74IZOTXX6NCRGUU5SSCAHVQ,Anand
AGBITVO2DOMNZU6DB4QF2WXXELLA,⚡ Pushpendra Singh Patel ⚡
AEMKH7NSGFU5YGYOC54RHG54WHXQ,Jigar
AGAPGK7QBUJDHYEHVEZIJSSU6RXQ,Dongay Rajasekhar Panda
AHPI2KLLZMZK5CGEZ6ILSIA4FHJQ,Shanky
AHWQSD5JHCOHW7JYN7F52ABQCJQA,Gangadhar
AFG3EU556AXTCQXSTGYD2ACM5H6Q,Tanu
AEVPRYZLGHNMEZA5BYGIX36LYZXA,Gatij saini
AGQWUC553PFV7YGNWOJPLCHRBIVA,Aniruddha Mahamuni
AGPVN62QTZNEHCVDPA4237YQ5VMQ,Suhail Kazmi
AGLDR4PNZ6ZWNGFV5EEV7BL6LAAA,Iswar prasad kar
AGQIXFPHABUZ2WPETGRYDB7VSMXA,VK
AGL7ZQV5GFVZMHW7CKCENRGWN72Q,Prashant Nair
AGQWWZTXBNKQCTJHEYL7R7U54SHQ,Harry Thakur
AGLNHKFYTWDPKIAIQTE4UPB5I7ZQ,Prathmesh Acharekar
AFICHFCZ5WJJOZ6HM67EQ2L3YYTA,Deepak Rathod
AGOPT5ISDG5GJG2LCY6HYOV6KUDA,Alainoreo
AGGXWYRLPMULBPR7OXPEV6SNOMIQ,Shaik John Saida
AFW6KM45ORMBEVYBQ4QMSGG2ODOQ,Ahsan Shaikh
AFZAJPI7LJPDCOSMY6ASVRJOECMQ,Sagar Bhalerao
AHHTWGSVW6ENNVUTEPAFHRLQJPFQ,Mathivanan
AF5ZRMB3EOZXTXOOBVEVJTGZ2XFA,Adnan Malik
AHF32Q6YAAQ7QNHEROCDCCWFUOPQ,Amit Kumar
AGQQ5YMVO337YAMQZFRARULONQ5Q,Maneesh Mathew
AHQ7LIIQZN6O7YA3EYZ7SV2RIYFQ,NOORUL RILWAN
AH63HFCY2DBQCGPIVKPHXNHTA7WA,hrithik
AEU76NMTP5BLAI4YLE37G5UXRMMA,Sandeep Shriyan
AET435JGPEIORB35LT7EZ4ASDRRQ,Jagdish Joshi
AGKVBPWUJ5SHPUHQCCYNHWBISW5A,Himanshu
AGLIJTPBLLORZ2E35K2DFO3V3FXQ,Deepak kumar
AFZDR5KNLP6HTBN33LC3AZ472J5A,HIMANSHU JOSHIYARA
AGNJW4JB3SQZZEVJCOR6EXOTNMOQ,Bristidev Burman
AGLMYJKO4AKOSRJGJSMVBCDD2X5A,Vijay
AGPLH6XWDVSULDCZOFJRM6XNTNXQ,Prashant
AGKPXBE2NL6FYBQESVEHL3RA6X5A,Misika
AGOUFAD56YMVQOAFUWLW3XFVWX4Q,Bala chalapathi
AGO2GZLUYPY2PUV7F5YM244ODJ7A,Placeholder
AHBJI32NFYYFJRSI2NZ3RGNYYNLA,Amazon Customer
AGQJUVEAZQS64J4PFY7EENAHF2QA,Sundar
AGQVEI5FN545VZMNGYRR752JCSUA,Manoj Nagabhairu
AGM2GCYQPQRIRJYCQBKBUOCD6VJA,swaraj
AGQXKHGGT3Y6QOCEULP2LJ44Y3PA,Mehar Bano
AGPM77A4UXCNYQ6QY527N3FQGXCA,sandy
AHYCGGRP7XQVIYP6NRVZI6A7FH2A,Arghya Roy
AGPCRJBUW6U66EYH5WARIXLIWLVQ,Vinod kumar
AGMDO4P3J3J6EV3C7KL5LNIZ3OMA,shamsher alam
AFC4X5UHL2LN4PBS2TWOMIZ2GHAQ,sejal ghuge
AGOJBMYF6L6P3HQ4W5N46QQIAPUQ,Surender Kumar
AGPTBPJMGFIJOZ7TDQYIDTKYELCQ,Sitaram
AGMBYTP5MS3JCQZ2NHRA3L2FTC6A,GVR
AFPYH3UF3GB4RNX3MX46AXFM2FTQ,Sujili v
AGNOLV6ZQ6SYXOYLHBC4ORHEDL4A,amaz vivid buyer
AHBB6UBYHJ5FH2BUFQ2BCXHWQFJQ,Adwait Kulkarni
AGNX3V74DONZBBVE2CYREKRCKAQA,Asfal A.
AGGDISUCB6COXRY7SCEYULDTYJSA,Anindya
AGQ3YJHNFI6CFAOTHMHNA3BEH4AQ,Udayakumar R.
AGPBPLV5X666GMBRNJCVLJNNH64A,rakesh a.
AGLPUYATOE2KVD36DZ2VD4QAOZCQ,Ram Sai
AGNXO5MSN4KKBGSQR3YT26CYYBQA,KAMAL KUMAR
AGKMK57A4J54JG5OUHPMVGGPVUKQ,Gopinadh.P
AGPE4RKV5YRZPGLXQ46D7DMCFDLA,ruma pal
AFY6F4SOQGV36CVSEIW32NCNCSUA,Mahalingam
AGORBC2ADNWTLGRWKCZRO7GOG7RQ,Sandip Roy
AGOYRCQ3PNL2AIXWYLPSXVQYGJEA,sameer shaikh
AGLYWTUJ7XAWSKGMRXZEMUHNN3QA,Gs7
AH3M2HOCS7VMTXCOYYI2AKZTFQDA,Vismay
AGQS2PKNNCEBXCPSYKOO4I2DGZNQ,Amazon Customer
AEZQUPHUINOCTERMXT3HOTVPLYGQ,S.S.Sohi
AE4FRP3D6KIQG7H3GP436GUD52VQ,Altaf Khan
AFYMFZN2MFKODDI25OZKLO36LCHA,Sameer
AGBNLIOKIT72A2TBLG6A35XUEIMQ,JASWANTSINGH
AENODPH3RWTEZMADDI7ZXXD5UBLQ,Atesham
AGL2WQUXIVJ7MJZO2FQA5YEEKYGA,neetu singh
AGPMMNZ6KT752BNQNASY52CKSHHA,Prasenjit Jana
AFFGWYKF2QF2IRGERWSNOLQ2QW7A,Kushal
AEP7EC356VG6MRFKXMOMUB7P54XA,Kumar Satyam
AGKYYB6ZSV2OI4BSXLKISFSFLGUA,MANISH KUMAR
AGQT36ICAXRXAG4IXZUULJZIH4XQ,Rashmi Joshi
AGQCLZES57R2QEDXM4F4NYKS4BRA,Devendra
AGOUYRRLNFOWW2P323TXTZI42STQ,Sweet KP
AETHN2CGVNPVX5Y6SAWO6IO7QOEA,Selva sibi
AGKWDNWN4W7YDLRGGLQ2W43GW5AQ,karthickraj
AGQMPOU46LE2C4Q5COR7RRACQZ7A,venkatesh.R
AHUBLOQI56TLETS3LQ3YZIYR5Z5A,Dhinesh Sridhar
AFTZLBOMSZSCBJ7CK5VXRSA6FGMQ,Unboxing video by Abananeez
AH3HKWLRRJWVLWWNSNRI67WU77ZQ,Anshuman
AGQE66MG2AEU3OO5WWLBODZ3DRCQ,SJ
AEJQ7NWZITDPI44AMIPQPK7DQLCQ,biswaboka
AGKXGJ5QRZFNVZ3MKY7PHAOMT5LA,Amazon Customer
AGLEJTZLEMONKAC3DV6ZVJKNFQQA,Amazon Customer
AGQXGHRFNHL3Q7C3YGA7SESRJBRQ,Sornnaluxmi
AGQOIAAECVPLYNBEMZOCS6GKZWDA,Reetu Solanki
AGLEATI6IBYVUFPSA2LAFAVI4ERA,Chandrajit poria
AGLMDXIDTQ6JHLKTJF7S2CD3PFJA,Anupam
AGPESHJAGFFNOORA77CESB7XBDDQ,Dheeraj Krishnan
AHJRPRAXBOIRLYMCRQ4HCACPXDVQ,Sagarjit
AGQ7HOUDA7K64AQCEWQCKTRE2X2Q,amazon user
AGKQDWDU5LWC5OCTKCXLET7EJENQ,Aniket
AGKQIHXOMAM6DN7XIUVFFHL554LQ,Lathip
AEZPNXZLF5U7XEX6TOW3J56C3XDA,Amita
AGNE5T4E7SEMJUDM4COI6JBNJQBQ,Ehsan Ul Haq
AGPWV7WDFN56ZITTHJJTONXPBBGA,Daljeet Dahiya
AGMBVEO4J5JYGUM6X5INZMD4FRRQ,Abhishek kumar
AHLUETN2P3TVLZUYVNMSIJ3GVVPA,amitosh biswas
AGLKQIVDJLMLUZ5MP3HOO7CDT6DA,tpcgupta
AGMBJC7TRKMW6NZEZ3MPTBCTYQAA,Swapnil s.
AGMR74PGVNG5IU7X25GJGDAT63TA,HIREN PARMAR
AGHDZUKPZDC4HH2GVGDOBXWU4D3Q,UMAKANTA SASMAL
AGO7FWIRBIVDDEAYX2UI6DP4G6GA,Noble P Mathew
AGQDGNLHK6VLEZF33POQLAQ6NNSA,Siddharth Gupta
AG76GICZHJGA7YVN4TORX36ONVYA,Deepak
AGKSU4ZSIR6TKLSZKM3IHFEH3FZQ,Amazon Customer
AGO5SRT3ESLNL5WTRQFD5BSIYPQA,Naga Sai Gadagottu
AFJGD6THKLQUOW46YHUM7RY2IPJQ,Vasudeva
AGQUCM3GAU6HWOILIQRBR73AAR6A,Ashutosh Bhagwat
AHQTD5TF5VW5IPOSAGIZ7VYFB66A,Avinash
AEACCLBAYRCRJLUMTQVS5JSOYYVA,Joel Thomas
AFCCTAOXYH2XQNESLRQRH72G27ZQ,Deepak Kanwaliya
AGQ36NZXZMWU5W2JFXIK5GCM4MUA,Chetan
AGNSJO5LAO5FKSHPW3UDKZQLPONQ,Rishi
AFOLBZKWUZVF4PQ33ISHI3DEFDUA,Karthi
AFERB3TDE3HAUIGGRZAO7LNF7SYA,S.B.Vignesh
AHIQYP5QKXYWXGJC5Z6YGIZVQTKA,M.Sathish kumar
AG6WNF3AQBACEWDTRW6UM2MALT2A,Suraj
AGOU3P3LXMXSZTQLWKGNGS3Y5TYQ,KONDOJU HEMANTHA CHARY
AHAVRPA7Z3PKTTWVBVUISCKI7RYQ,Tamil selvan
AGQBRQKHB6V2GKNP5NQCBG3TZFPQ,Hamsavarthini
AEUDSXTROWKKBDOIXDIPXVUR5GAA,Shar
AGKSHSI672DMOJKNVYC33PPKNISQ,Narendran D
AGPYAZNUEWYCAGM4A4WWQNUXD25Q,Ozair Ahmad GLS
AGNZRKED7ZOR5CWLAVUPIYAYAOGA,Irfaan
AGMFAVIBZTCLSNBIEME5SBNPIQ4A,Harsh Mistry
AGMSYOF7SPTTR7ZTP3VWPKWTZFVQ,Pooja sony
AH7QP5VH5777BLVSP5M6KE2IEOWA,ÂRUN MOHAN
AEFDI2YRIMBNCPVHEGTCZ3EEJJBQ,Arvind kumar
AFW7SE27ST3TM7KFAGQEORGOCQJQ,anuragnaidu
AGNRMULABMTY7VTZAGRBYTQ2EMCQ,Suraj M.
AHBXADPUQXAIJI5XTHUKDWD3OQLA,SOLANKI LAKHMANBHAI NAJABHAI
AGKQW7XWMS7MUWWL5OHMRKRJCIBQ,Siva kumar
AHUIE3AFZ4L4DOWE6HF5XUXBWM7A,vishalkumar patil
AHBJKJCUV3CH6774KEAQSRLKXU4A,Ayush kumar Prajapati
AGOY7AILHEVOJA6SPYYUQYIFVVKA,Nikhil Kulkarni
AGLLWVAI4Z22HEY37TBOWCHYNVMQ,Rahul R.
AFWTGD4FCS2E2U2TDCOEOGP2FWEA,BKBasu
AGPQASU7OTDRO76TQFWP7NVDKD6A,Kashish
AE22E2AXODSPNK3EBIHNGYS5LOSA,Subhajit Kansa Banik
AGOYRUEHDI3SH7N4KBLQS4KE6G2A,Rajat Semwal
AFZEG6L4GPWPLCNRA727ERKMBPBA,Kishan Patel
AGZRJIMJCQUUHZG34JSIL5PSXGTA,KNReddy
AGP2G2TDF5Q5HZECH6MKPXWAFWDA,Harsh Tiwari
AGNPEDP5PPB3WS77KHG6YFLDZRUA,Subrahmanya Sastry Bhetanabhotla
AGQL4UZV6XLH5QKBJPXX5F2SVRDQ,AS
AGQMTHUQSTGTZAMDFWDNAUTLQN4Q,Ravinder
AGMB47WHJPH52A57TVE43RY5DIZA,Amazon Customer
AHNK4EL2BOSS6WRMONWHNWAF5KRA,Raj Chavan
AGOEYA7EZQOCWCZNMHZIS4SESREA,Shab
AGM4GRCJABX6KMUTF7LJMPUL5BKA,Aryan Gupta
AFVYZFTM3SUEGYESW55OJNGUAJVA,Lakshmi S
AGQNPJPVAIIWZMD7X5LKPA7WMQDQ,Sharon Murmoo
AGPJ54XLGYPWACFVEJ2KWYJYREZQ,Kuldeep Sadhu
AHTNFP2NA52A4C2BE5WK6PFOCSIQ,Aparna
AGQ33PJLVCO67H7X7FFQPI3WIXWQ,Jamesbond
AGLC3O6OCQK6CXGYLFWPEWDEZXKQ,Rohan chavan
AEMVIKFENPWUSU4YOQKPSDR2MLPQ,Jayakrishna Shenoy
AGQGCM2UQZEIKDZL6CHD5CMSWKRQ,Amazon Customer
AFFOKWDBWHTD73ESMLG5EHU6D64Q,Ashok.
AG37JNOSIVJOXSZEPVVPPBFCS56Q,Mohan
AGYRWNDZCQ4RHAQ6YZIBCQDFMH7Q,Dr. Gilbert Ignat
AEMDF6YAXYO7WQUIAFGEULA7NWWQ,ruhi a.
AGNR2DWHR4DRJVRRUOZTUU4EY5RA,Mr. G
AGM7YFUBLKUQPYVYZQDDPI3RXSZA,Aaryan Jagtap
AFFHWVYKVSRM37YO4YB3Z6IMFLYA,Sujit
AGOJ5KXS5VV6NQS3XHAGRDZ7S2BA,Scuba_3d
AFW5XNPYWYUD54B4GHGBC7JTMYHQ,Dinesh jumani
AH6LPYJT5UBJ7CIEWVHDCNQAGWZQ,Nikhil M.
AGQA6CD2EAQHTFTTONWV6IBD4PLQ,Anubhav S.
AGOFVAWAS7B25ZHWYBLYIXX6FXBA,Pragnesh Patel
AGLAZIZLDXX7FKDCSJ6ZLKSHW47A,Satish
AGJ7O6CXXXUN72WOV5JID7X7ZBMQ,Gurujeetsingh Pardeshi
AGNLOWKPE2OQVARLP6ZDG5ZHQQUQ,AMIT PORWAL
AGLMQEABF4OCKPYA6Y4H6ITQQMXA,Gyan Bhooshan Dubey
AGPESJMSSBWG5JO3AUJN4IZKD7TA,millon das
AGPGSHGMGBF6GBOQ7ZXUBQ3IFZJA,Aditya Chatterjee
AGM6G35OHG5KQMIRRXHX72G3LK2A,Soham Papinwar
AEA7RJWIWRHGUYKUP6LJBPRSZCDA,Sohan Maity
AGPAK6ELVZPVKQ7GEZ7IUHNK2C3Q,Olivia
AGQUWP2W5FVCMMXE3TITGSKHVW7Q,Vikas malakar
AGLZNLY63W3AQ3LE22NHKILAS2UQ,MEGALAMANIPG
AGODCNPZG4Y2TY2CB4SBCJN5YXFQ,Addy Banik
AGOFYY27SNJHGWFH2VFUC76JA7HA,Pradeep
AGQNWKU6Y4KUJ5VINPKC7UGSMCFQ,Aaradhya Shandilya
AGKZ6TKG3664GMINDWMYRVKX6JYQ,Avan
AE6HGV4SSK2V4C4QVOKY42KZW2DQ,Tathagata Chakraborty
AGPAF3K6YHEM7446WLCBQJZWORAQ,Nikhil M.
AFEBFFAOMPMC6L3DMOXJYP355UNA,Jayakrishnan R
AGPZLMY6JJVJNVHA3JEM6XM5CSYQ,blackandwhite
AFH3LWABFWVDV36O4EA7EDMVB7OQ,Dr.Aasif
AGLQDF4STKEC43X7AGQ4HR6SFKFQ,Kumaresan V
AGPRYLCS5QJKBCHQKRYVU5U5JUGQ,9650386949
AGON45QTQGUA7BQ4YMU47OFR7A4Q,A.VISWANATHAREDDY
AGKYWFUBZOSOAMI4I6YA72S6I5QA,Shubham kumar
AGTATACN5LUOY6XTHGLDJV2TV7JQ,Vicky kashyap
AGOD5XRGRJSYCFNFE2Y2IVAVS7AQ,Kapil
AH6XUPCGCWOG63XDNA4PRPWFX4XA,Ajitesh Kushwaha
AGNMIY7234MP6VA5DN2HRBGQZ73A,Amazon Customer
AGQUDHVCMBW7DYS2HT5HA3QCZIEA,Danny
AGQ4XHSMAMTMH3AKNOVGTURDJLDQ,SarangC
AGPMBJGS7TX4RMXZRT2FILK7ZWLA,usha
AFTXFBWO4GE62ATLVMHKDCZNRA5A,Lalthakunga
AGNIU4W6TXLMBMH7JQ4I5ICZ347A,Salman inamdar
AGQQ5W4LCISBHXT54SYYCIS75C2Q,Lovely
AGLAQV6LP4AXJCMGURQX3OUNTYJQ,Arun sharma
AGLQ56XIEU243BB6V45WIIMI7UWQ,Hari
AGKYLNZN5SOR4LZAYWRHAAJY6JQQ,Amazon Customer
AGPNK4G7IXT4KWGPM4P5GZVHJWRA,CVN
AGLXXAIFPOSW675BKK5KDZL63KVQ,Ravi Tiwari
AGNY7JE5TCQDY3MEVOEVAAA4C3XQ,Ashok Alkari
AGKT6MY3UZFPKSYVU5V7IOKJKMMA,Kanta Khaksa
AGNNU6V5L7VGIRYQ5XIJ7H4VONBQ,REVANAPPA S K
AGOLIHXYWOUK27IL5A3NHNA4U6FQ,Srivatsan Jyotsum
AGQ33QFV6YITBYDD7Q5UZB3KPVYQ,Sushil k
AGMD2UVAWOKO3W37KGZWAPI3ZB6A,Siddhesh s.
AGQS7A3QE6JORKCGQ3K2J3Q7NOMQ,c d johnson rajakumar
AGL3YL2HVMSNJ6JQ5FQ6HGAZEJPQ,Brundaban Das
AGLYEVGC2CQ4B6K7ZLFC6HKRXHXQ,ABHISEK THAKUR
AFYXCGFUYNSPE2MMMHPCDDG3MPKQ,Flora.bebo.vidyarthi
AGNJT6MCU54JSU2MDPAUHNVVMPAA,Lakshay
AFWO26UIM72Q7ZPHSQ3DUGDM6H6Q,RN
AGOMT3O5U4TB4TZVFQFNDKP5GT7Q,Neeta Pawar
AGLWKVJOI7HQ24WJBODYR5E556SQ,DEEPENDRA SONY
AGNLXH7GFRBUEG3GEYNDW6B6Z55Q,Saurabh nath Jha
AGPBIM77CMHJZPR4GROXSNK3GOFA,Pritam Mondal
AHGP46O5MO2FPEVAHZM6A7EZHAEA,XYZ
AHBZTGUKAUVUWWRIX5NAR3LFRRDQ,Abe Ralte
AGR6MSMT6NDHTYUYWIF25PIVEEQQ,Balasanjay
AE4ENCSAVBVYJVFC3GMNMRDSD2KA,Ankit Kumar Singh
AGO7DPNCGHKXTC2ABQIMLYLWLRDA,Diparna
AGQWMX7SUHHGX32GDU3UFQOZJ7RQ,Abdul mateen
AGPB4U5YAXMJXJV6SGR5TAXFXMBQ,Manjunath
AG56GJXG2U4TIZ42J4H5SIAOZFSQ,Gautham Panchavadi
AFLU4N3XW4NR5F76OYE32MFHFNDQ,SAGAR B PUDABANGI
AGPQF6FIRVMT534CMDQOPD43MABQ,S Vijayan
AGLQGHCAPA45C7LFUS257GLOBJIQ,rashid pathan
AGLYAYWTFPPMLELDG7MBUTWQZTKA,vimal rastogi
AGP75AQH4URU3HHHPEIOT6NUT53A,Bhaskar
AGLOZNSKAGH5XUZEAZ3FZTQ22CHQ,Surajit Patra
AF6HEKQ4VQN3LEYA35NQCEG6LAWQ,Pratik
AGQYYL7HPZZCZQXA3ZV66J6RXZTA,Tharun Sharma
AHPQHJVDA6JHFNRN7OBYTBTJXBYQ,Amazon Customer
AGNK4GKNE65RYXUXCDFO6B22NXCQ,Surjit pharmacist
AHFXBNDCOX7XWOQ3AG6PTK6LOF2A,Tajammul Hussain
AGQZ46RQ5YJFVCSGI4BJGNXB7DZA,vipul agnihotri
AFCOSVW2NHSFLPG7O5EKP2YRUERQ,Deepak Kumar
AHS5BOPH3WRQV2BD4IWZRGDYQVVQ,hemant
AGQPAKYDQNK56M5SRVNDN4XOEDKQ,Vikash Kumar
AGQBKNH24HGPL3INPZWJQ4GFRDJA,Rajiv
AGNIQYBJFY2NWMGIXJQQRKWAENEQ,Pranav M.
AECUHYUPESWI2DB5JMEZQF77VWOA,koustav
AGOYO7V7CGV5RA6ZABQLCA25AA6Q,Ravi M.
AGQDAPNRFPKXPBX7IO6D5PZ5U6WA,Ritesh Srivastava
AGOJAM5G7KHARFVDHTRDFHZGR2IA,RKPal
AGMFUQGKKH2I3HTOGMMFWPKY4UIA,Pratik
AGKP6HWXW4AV5DK5A4GJ7EJ4TFUA,Prudhvi Raju
AGQRMUQ4NGNWNHTYIPKAKIDKCFMQ,Shivi
AGLQVPXIXE7WNSV7S5QV5UCNQUZQ,lokesh vijrai
AE3PNBPHVSOFM6ZFHRN65BJ623WA,Ashwin Showi
AGKTUWZXN4S5YSUFCOS2HZWGEVRQ,Amazon Customer
AGQMHEOMID4JPWI362AEVAFIAM3A,Krrish kumar
AGO5KIAIKOB2PPLPFLDLLDMGBQAA,Laxman Ray
AGPSLGGTW5EHCUCCFEPSMH76H3NQ,Shaji Kuruvilla
AGPRDVIBLQ763CQ2BOC4WHZQ4KHA,Kalpna Kumari
AGKNIH5C6WURF7GXXLBVS4HCEWHA,Naveenchandra Dawarkaprasad Agrawal
AGQK3ZY7A4QZOCBKS7VLUEYNRZLQ,R.sreenu
AGKQOLRC23XPWPMGZZI4PT44WAIA,Naresh kumar
AF3QTFMFYOCXB5AQRGCPFGYLOXEA,Laxmi
AGKZ3KXXYD3OEYXWWSVFJRGLFCEQ,Shaik Ashif
AGNRGEU74CPJRWEMJZHU67GWHETQ,Ocean
AGR5UFKJIRRJ65QH7LAQ3OVUM56A,Kunal b.
AFK6D62HRZSHP5W3DE5QGYUYJQEA,alok tripathi
AGOEYCHBYOAN53ZBHUMCS5GUSVTQ,
AEWWWALRID3B4CQQK7PMSARCRM7Q,Prathiba R
AGOTH5WF7GFVYSVFB74QR6DFFJGQ,Vimal thapa
AGLR7ABVBBQZGXQHSD3M3NW43F5A,Rajesh Jadhav
AGQYXIT75Q6ETXCF6C254IQEWDJQ,Dinesh
AGQKNP62ZU4IIJVBGVQ4S2BHBEMQ,Shankar kumar
AGOKX4THWIRFYRMYQ5KFQHJZFBLQ,vaneesha
AEYH6IVYMLPHU62VNOKKM2KTOIIA,Kiran K.
AH7GMEHVW44SQG6NRGTTTK4EQPOA,Ravinder singh
AFQZVGSOSOJHKFQQMCEI4725QEKQ,Vikas Singh
AHZLFVEFPM5G6NINL6C2U6DEUNZA,Pooja jain
AGOCKZ76H6K5XE67QWLOFO5SZMJQ,Balaji
AGOZSNP7TTSEJFOMPLXDVTRHKJ2A,Parag Parashar
AGO6PVXYI6OL74JB6XZNCTPLUDNQ,SAROJ KUMAR
AGQT4P6WELGHERB6AFDUWH22AZJQ,sekh
AGQG4SLFJRW4LAU2XMKXEXUWNT2Q,Seema R.
AGOQZTWW4TWCEF63HEFYT4AEIFPA,NARENDRA A.
AH7MEOSIJPT7Z2WMJI4ROMY3I2QA,smsn
AGMA33G2B4VFZS7GEQGKDFA7YM7Q,Shubh kumar
AEY6PEMQ7DII44WSUSC67JEWDE3A,Tabassum
AGMCZ2KDUK34T3TUMG3JCFV7FOTA,Partha Sen
AGONHBXIF7DGPMNZ2LUIBBW3FHZQ,amruta rokade
AGM6U42GP43XU2OGYR3CS2J7DHRQ,Tarique Hossain
AGQVKQZEHDMHVKFJPOKCEL2AXYAQ,Bhagwan Khobragade
AG73KSBFVJ5HI7YVT6EH5WTAY67Q,Srivastava rahul
AGQYUHMAVORZ45B7TLMP7IN6ZXOA,Revansidha k.
AGPYC54L575ZDPY7FEGITMLYI2UA,Dheeraj Sharma
AEIIOCCDVYEZSGZVFZSNYZKHM6HA,Harish Thakkar
AGQYYNEUBQWWEQBNYIUC53RFACNA,Vipul Hulekal
AGPWKPQODYM5WTOVQEG5JKCWFFEA,Kavithaprakash
AGMR6IFE74NZ6I2AKCYNT3OA4WJA,Muthuraj Kaleeshwaren
AGOUMGTCVOVNACJWHOI6QXEOFWFQ,Durga Prasadu
AGL5Z4GVIBTUZX3GXZFXEFSQC7EA,Selvaraj Duraisamy
AGVR6CP2GL562CMMN3TJJDIBQKOA,Kundan
AFN56JFPWCIQUPBWBBKRTB5ACQFQ,Vivek
AGPBFYSINH6IVWQS4CG5WP3DYCMQ,Tanzila
AGQOVXQC5VY3JBAEXPKC3JWPFPQA,Naveen Srichand
AGOWAPE7FNYHKW7NMZRABFLAPBLA,Nikhil
AFDMLUXC5LS5RXDJSJJRHNBURIVQ,E.GURUBARAN
AGLLVLIYA7LEFYOBOQ3CR566Y34Q,Bhaumik
AGQ22ZIP7IR5TZHO4JVX3BP6XPXA,Amazon Customer
AGPW26I3CWUUUI4HNHIH6FWIVJOQ,Amazon Customer
AGOUVBBZUOXEFGG7R5QBLIF34OYA,Pradunya gohain
AGMU7VJAAQCGVXR2I45DBZ4UOXGQ,Badrun nisa
AGQFZAOQEKMAPWYU6U2R2SHO6S4A,vignesh
AEAHCVLMYLKLICSIKCTUS54NVQ2A,Lulzdrone
AGOYD5LNR3QBIXOGT3AXVEQJKQIA,Kaushik Kothari
AGP7FT53TVZYTLYSU63C77AMNKRA,Lipsy Mohapatra
AGR2F7Q2IMX7SXVQ3FE6EKNYPPJA,Aswin Thomas
AGR543LEUIM5C7Q3GENHOCAPGEEA,Anupam
AHEDAEYXIZIPVLI6HSDRKIGYILCA,shwetha murthy
AGLZDJ2IQJQNA35JJLQ2VOEJAR3A,Srilaxmi challa
AGPUPI62IFNLHIAOE66RZ5FVZTIQ,Saideepak
AGQ2BGDKE2PWZ4Q27KVXUQQA67XA,Kaavya Rekanar
AGONNWZMRQZR2JDLNKFLAK4V62LA,Mukesh
AGL3XBRQVHEAAZH4M5E3ATNQV6AQ,Azhaan Khan
AGPQHMB6XWAURLOJA57DPCU4HQ7A,DC TIWARI
AFQAXRM4XEA72PNIMWCW2F53ISWA,Subanathan
AGNUZ45QI5DHUL6EFTEDFWHH5TSA,Prosanta Das
AGOOI3OO3V3Q6GB74PMJ7HCTB2FA,Prashanth Gangula
AGKY5D26F5Z4S4EY7Q2FG7M4QRMQ,Likhitha
AGP5YURZQ6W2GKYILORIGKB3NDUQ,Dinesh
AGQXUBN7LJR2F4IMZYO6PGOAG3DQ,Srini
AGQB7NBV5YVA7UFL3TOP7HJ4YOWQ,Axis Web Art Private Limited
AGPSBG5VYA7MJYXUPP4KWCOGVUKA,Ganesh
AH4ZZLZF5JO74MJ3E6WURPHAOKVA,Gajendra Kumar sharma
AGLWXRPJ6PGDPIN7URZP2525SAHQ,Amazon Customer
AGQAYI2H5TL53UE55XVUIDAMSGLA,AKSHAY KHOWAL
AGOXIKCKLMADHJXOXLKL2XKPA3BA,Souravv Garnaik
AGOI7ZK5ZIOWDYNLON5YENWZNQDA,Gagan
AGQTOEYC5PUD7R5RGXHRNFQ3BFMQ,Baldev Dudani
AGOIFSKTNQK2PNBLRMNUWFSKXNEQ,RAJDEEP R.
AGLB4RAINP47QIOGR6K3BVGB6PVQ,Kindle Customer
AGR33RA3JZDOYDL7SJBWTHYKLZHA,Balamurugan
AGPNW3GNPQBPFFAZ5BREYIKQNFOQ,Kannan itz_sk
AGLUCMLVY27OWWYXIGYS2ANHQCTA,Rakesh Prasad Sah
AGLRTBQ52OBASLMH3FAS7DJDB5TQ,Tanmoy
AGKQOL5HGTYAK4XZZA45NTA2UZQA,P Gourav Kumar Patro
AGNMKLX5ADDTNPRKL77V54XNL5NQ,Revs
AGNLKKB5BQFDZ2VIJJFRUROTMQMA,Tech & IoT savvy
AGL54U42PQROPV23ORMEIR6HZNQQ,Ram E Singh
AGNQO2QCWQX2CZT5KHHSNQVDD4OQ,Lakhan Singh Kushwaha
AGLJPQA3EFCU25WU7YUBUQR7EVAA,Naveen manikandan
AGOAPHGD2KXRK3K6SX7ZP3BFF2DA,Cma
AGP6HZ22S4GEDJXBDIPCABFZKPZQ,Srini D
AGOFMGGVERIDKNPHMFBODPTPJ5YQ,Kishore Bandi
AGQYWUEUFKLJUS25GTEV25GOXZUQ,Amazon Customer
AGNWBYEVAIII4MPQNKN3LFVOHYZQ,Prashant
AGL5JWV3DFJIR6T23UKXMUS7BQTA,Defence aspirant
AGNSXRFJBDVGM7FS7YYPNCEO7XFQ,S.I.KUMAR
AGPNJEK2EUJ6YFFPND6OSSAVG5WA,Pujeshwar Sharma
AGLFKVLO32UB72C43CQNOPGQVKGA,Dorje
AGQKV65KDMYKBD6ZQTXSQ74VID4A,Amazon Customer
AGQ7DDSSAIHW4EQERMBBWQWQMVTA,Rajan kumar
AGM2UWKCJESUA2YZADPFXZ6PANVQ,Dhaval
AGKOT3DLM55KCHF3AQAOROIFZ3EA,SURESH
AGNQNBLTVVNAB6NKW25OR3CFEBZQ,Sk rahil
AGO4VY6QUDHZV2JIJXHT5V22GUUQ,himanshu madhani
AGNJ2LVUBOBR37BVTTXCTGYBP4RQ,Suresh Babu
AGPIHCRS2LVMVTFCHLPYZMS6PL6Q,M.Bharadwaj Phani Datta
AGPAIQ4RMGU26NAKXGQCEB2OOS2Q,BHARAMAPPA
AGL6KF3GSYVGK2WIV73Z5GTUN2MA,Dev tripathi
AGPO6ZBQ2HPAKJULWTNQSP7FOBZQ,Dhamotharan
AGMACNXEDN7CAJXDCMPUZW3MO5GQ,SHEIK UMAR FAROOK.G
AGLEYJPDKFHDQUKR44ANTMCVH7YQ,Mohana Lonkar
AFBU5FXWPA2YVMWWIMGYMA2AG34A,rhymerium
AGQZQ2BXDDXY6D5K7HZF4CFSSZ6A,Sameer
AGLMUN4K5NVDCVNPMNI5OF2IH5LA,Balasubramaniam R
AGLD2LXDWUQZSZDFC3U7H6N3VFAQ,Chandrasekhar K.
AGPSJBF6CTEE4MJG3X5Z3DMJEJZA,Vipul Vora
AGOEGXCUQTAT4C57KQHXQJ4X25PQ,Saleha
AGPQAC65TOG2HWQ42LE4JB46OUJA,Balaram Sharma
AG7O2DWNCAQIAMWYENDUQG3P5FPA,Santosh Kumar Saini
AGQ2KOOSNRJVNY3PYFXFZPRKDIDA,O N Misra
AGLCQ6Z2KEIXM7DC7JFZEN623CHQ,Mukesh
AGQECQXYEAY4SYHRW5NDNF36VDSA,Pankaj
AGMBBBIHMGMWKJI5OSFGKWAKJVVA,Rohit
AGQFO7HUNP4TATRLGLKZWTGSRZ5A,Sivaranjani
AGQ6FH5HUONZXKRXVRE7YX7ZUPLA,atul deshmukh
AGQMPE5Y62H4ALYMCMPV5J25BOGA,uday vir
AGQ4UHMMPGWZR5BVBVJPAKTKBEGQ,Harish
AGLQFTKRKRRYQ6JHVY6DZNSNKF7Q,chandrasekhar
AGLMS3QIE4S7KPWOXGHTANI7764A,Amazon Customer
AGKTT2MYU4G25XFWMD5S6DETTTGA,sukant
AHWRUBKKFE6ZTAPAAR5RCSTAPQUA,seshu P
AGOPYV5RQIH4BBSVXQVFBZLDVHVQ,Harika Mudhiraj
AGKZK3N7KYOTCRFGWGDF2EJIQISA,Himasrivastava
AGPTBR4QWMDZZ3XAF4EV2UMFQQEQ,Yeshwant singh
AGOHEKMCFFEVVEYK75KRR6JUN5LA,Gautam B.
AGPK7LBOP4LXMHGVL246WLA53D4A,Amazon Customer
AGPK4QIB6E5RFJAYZCNS7XRT5OVQ,Azharuddin
AGLUPY33OM375F64CHDCQW3KF64Q,Aashishnautiyal
AGLKS2YBV32Q5F36ESVSZKN7YZVA,Manwinder Singh
AGQHA7FMMURNYMQ2SM2LJV372TTQ,Siva Subramaniam
AGPWQPY5N7CBNPKJ3RLDSLUWKOOQ,Asanka Wijesinghe
AGM4CQWT4HY2YVGKXBPKH3FFSL7A,Amazon Customer
AGPKKHWDHRBTTI6H2PMDX32QHSSA,Sakethram
AFGW5PT3R6ZAVQR4Y5MWVAKBZAYA,Rajib
AGQFBYYNUJXJSAWYO5LHEQDFEHKQ,Amarnath.S
AGLUHXCJJDHZGCCQWBKUF7NAKL3A,vijay patel
AGOARXYHOENO6YEI7N64HK5CDQCQ,Khamarunneesa
AGLL2HRMUMQ5JRZ7Q7DPQLM2MIEQ,Deepak Gopal
AGQQKGDKYF7X7I4LCCCA52XMHQ7A,Yaqoob Raza
AGQ7ATXOIGSUWEFDGJLYRLPICJRA,Ashalt sethu
AGLW6Q6I2EB54QMWQJTIQIV5WPHA,pratik rathore
AGQAZKHJRJ44EBAFG5NLJWB6VORA,Amazon Customer
AGNUIVLVQZXACC7UBK6KUYONSKFQ,Popi Das
AGNWSHTGWUQFVMEEWNPCPYUDI2WQ,Pramod
AGPWCDNDTSD6WCMHDWECMEE7WQTQ,shoaib mohd khan
AGPI7NG4ZSTCPPICRFVFF3BZZKJA,SASWATA CHAKRABORTY
AGLL6YL7RHHSDDGKWQO7ZIG3TXDQ,Harsh
AGL2B432J2VDHOSUWTQ6KOAS6AMQ,Divyansh
AGQCHAIK5FZZOA67FTG7HET7VVJQ,A.Ramu
